﻿<?xml version="1.0" encoding="utf-8"?>
<GingerRepositoryItem><Header ItemGuid="7f7b9a20-bde9-4c41-8f30-1568ad7821f9" ItemType="BusinessFlow" CreatedBy="NATISHAK" Created="202401221230" GingerVersion="24.4.1.0" Version="12" LastUpdateBy="MKALE" LastUpdate="202409241638" />
<BusinessFlow DevelopmentTime="00:01:11" ExternalID="373" Guid="7f7b9a20-bde9-4c41-8f30-1568ad7821f9" Name="E-commerce Demo" Source="Ginger" Status="Unknown">
<Activities>
<Activity ActionRunOption="StopActionsRunOnFailure" Active="True" ActivitiesGroupID="Group" ActivityName="Login to portal" AutomationStatus="Development" DevelopmentTime="00:00:07" ErrorHandlerMappingType="ErrorHandlersMatchingTrigger" Guid="e34d2de9-1d58-4ba7-b4d2-480b120b2e13" PercentAutomated="100%" TargetApplication="MyWebApp" Type="Regular">
<Acts>
<ActBrowserElement Active="True" AutoScreenShotOnFailure="True" Description="Browser Action" Guid="3dfbf706-59c5-46dc-8f31-780fb07ef4d5" Platform="Web" RetryMechanismInterval="5" StatusConverter="None" WindowsToCapture="OnlyActiveWindow">
<InputValues>
<ActInputValue Guid="cfce0f5c-911f-4855-ba9e-e579da218f4e" Param="ControlAction" Value="GotoURL" />
<ActInputValue Guid="46e70fcf-f649-4f1d-9164-81cc4716d616" Param="Value" Value="https://www.saucedemo.com/" />
<ActInputValue Guid="b06171aa-916a-41e0-a27c-9d0a3e4a9306" Param="LocateValue" />
<ActInputValue Guid="d1bffcd0-6d2c-48d0-b86c-d77b11bd6a22" Param="GotoURLType" Value="Current" />
<ActInputValue Guid="19750a88-d155-4105-bfb6-ec55be245694" Param="URLSrc" Value="Static" />
<ActInputValue Guid="0c8d08cc-8b7d-41a2-b8f6-bf162b944028" Param="eMonitorUrl" Value="AllUrl" />
<ActInputValue Guid="b2ced2ca-57ab-413d-a0eb-4f1f3d588ff2" Param="eRequestTypes" Value="FetchOrXHR" />
<ActInputValue Guid="b0156227-3221-4f03-80ec-242bb06ed96a" Param="LocateBy" Value="NA" />
<ActInputValue Guid="ee5f4d61-66d2-4e02-b5f2-459968b4b429" Param="ImplicitWait" />
<ActInputValue Guid="2e2f56fb-8b6b-41ed-9a73-0c2f70f0df9b" Param="sBlockedUrls" />
<ActInputValue Guid="304e61c7-bb36-4586-b2a6-fc9a09cef44a" Param="NetworkLog" />
<ActInputValue Guid="df138f13-dd32-4960-b79e-ed5147dbdf5e" Param="NetworkUrl" />
<ActInputValue Guid="39c35ffb-6201-43d1-b3d9-5f11a3c3eb08" Param="PomGUID" />
</InputValues>
</ActBrowserElement>
<ActUIElement Active="True" AutoScreenShotOnFailure="True" Description="SetText - input text user-name" Guid="2ba8e993-9b4f-400b-9628-774607e6e76e" Platform="Web" RetryMechanismInterval="5" StatusConverter="None" WindowsToCapture="OnlyActiveWindow">
<InputValues>
<ActInputValue Guid="bb51ff26-bcf2-4375-a5c3-7b554e64a7c3" Param="ElementAction" Value="SetText" />
<ActInputValue Guid="fdd07901-636a-4b0c-8297-691412b5937b" Param="ElementLocateBy" Value="POMElement" />
<ActInputValue Guid="01fdf6bb-5647-4357-86d1-e88b00731615" Param="ElementLocateValue" Value="fe96aedc-4f5b-48fc-82f8-546399670b17_a38673e6-6fc0-47f5-91ad-4a51879b1467" />
<ActInputValue Guid="fb71a1f2-9e1a-400e-b2e8-641384ef242c" Param="ElementType" Value="TextBox" />
<ActInputValue Guid="cb45e524-dc76-4a4d-95c1-42b4d874122c" Param="Value" Value="standard_user" />
<ActInputValue Guid="304961d4-4f5d-4ef6-a89c-9077796a7420" Param="TargetLocateBy" Value="NA" />
<ActInputValue Guid="f3b19274-c5f7-4283-94f1-7f76c94bff1d" Param="TargetElementType" Value="Unknown" />
<ActInputValue Guid="1568dacd-2fd7-4414-97cc-1bce2e80ed6c" Param="HandleElementType" Value="Unknown" />
<ActInputValue Guid="d8176b20-10e6-499a-8c43-ada8bcba5078" Param="HandleActionType" Value="Unknown" />
</InputValues>
</ActUIElement>
<ActUIElement Active="True" AutoScreenShotOnFailure="True" Description="SetText - input password" Guid="720008f8-9f39-4439-a8f0-ed4454421cd9" Platform="Web" RetryMechanismInterval="5" StatusConverter="None" WindowsToCapture="OnlyActiveWindow">
<InputValues>
<ActInputValue Guid="d8a36b4b-6be1-4b06-8c5f-d62875b2014e" Param="ElementAction" Value="SetText" />
<ActInputValue Guid="b5dada7b-1ede-42f0-96a1-bc837a01fdbe" Param="ElementLocateBy" Value="POMElement" />
<ActInputValue Guid="f14408e9-c16b-4432-bad9-46f9232d9634" Param="ElementLocateValue" Value="fe96aedc-4f5b-48fc-82f8-546399670b17_30630e51-9d8a-472a-989c-fd6f2d2206fe" />
<ActInputValue Guid="c21bb772-bd77-4af1-82f8-2baf20a395a7" Param="ElementType" Value="TextBox" />
<ActInputValue Guid="3226b0c4-ba4e-4a2e-a41d-dd6c4dcb7641" Param="Value" Value="secret_sauce" />
<ActInputValue Guid="1f95b14c-f1f6-47c7-af5b-702101f257e6" Param="TargetLocateBy" Value="NA" />
<ActInputValue Guid="7cea3604-dda7-4073-9385-b1f464b2af15" Param="TargetElementType" Value="Unknown" />
<ActInputValue Guid="8d3b1bf1-ab31-402d-b42b-428d9496c286" Param="HandleElementType" Value="Unknown" />
<ActInputValue Guid="bb5fb6ac-f4df-47ca-befb-ddb2ed8d2f29" Param="HandleActionType" Value="Unknown" />
</InputValues>
</ActUIElement>
<ActUIElement Active="True" AutoScreenShotOnFailure="True" Description="Click - input submit login-button Login" Guid="7c7cf4ec-5996-4821-b47c-270e1e2bb831" Platform="Web" RetryMechanismInterval="5" StatusConverter="None" WindowsToCapture="OnlyActiveWindow">
<InputValues>
<ActInputValue Guid="cbfa8c31-ed0d-43f1-9028-d10b632fe39f" Param="ElementAction" Value="Click" />
<ActInputValue Guid="65305130-406d-4a92-b43b-cdb386486adb" Param="ElementLocateBy" Value="POMElement" />
<ActInputValue Guid="2ec6b091-b2bb-4412-97af-59bc9a5020ad" Param="ElementLocateValue" Value="fe96aedc-4f5b-48fc-82f8-546399670b17_6c7827b2-69c1-4937-b0c4-4add48ed8793" />
<ActInputValue Guid="4aa4032e-7e8d-4a75-9dd5-f3a5402ec304" Param="ElementType" Value="Button" />
<ActInputValue Guid="a6353cda-5f43-4f01-b3e6-748599d383c5" Param="Value" />
<ActInputValue Guid="2bd7fedf-dfa5-4a17-b433-84f3a6dd5843" Param="TargetLocateBy" Value="NA" />
<ActInputValue Guid="91776bd7-c070-44fe-9ff3-68ecd8b5dcf3" Param="TargetElementType" Value="Unknown" />
<ActInputValue Guid="7d2ecb10-8c64-41f1-8dac-104c47aa8a7c" Param="HandleElementType" Value="Unknown" />
<ActInputValue Guid="c98c7746-5d55-48e8-ae4f-618c5abc40d7" Param="HandleActionType" Value="Unknown" />
</InputValues>
</ActUIElement>
</Acts>
</Activity>
<Activity ActionRunOption="StopActionsRunOnFailure" Active="True" ActivitiesGroupID="Group" ActivityName="Add to Cart" AutomationStatus="Development" ErrorHandlerMappingType="ErrorHandlersMatchingTrigger" Guid="0f84644c-7b13-4be8-86fc-33d4e5d6bf9a" PercentAutomated="100%" TargetApplication="MyWebApp" Type="Regular">
<Acts>
<ActUIElement Active="True" AutoScreenShotOnFailure="True" Description="Click - add-to-cart-sauce-labs-backpack button" Guid="d43e23c0-dbed-474d-b6ef-5ac6dec8861f" Platform="Web" RetryMechanismInterval="5" StatusConverter="None" WindowsToCapture="OnlyActiveWindow">
<InputValues>
<ActInputValue Guid="3755255b-60c8-4b96-aa0e-21c8b8d86e01" Param="ElementAction" Value="Click" />
<ActInputValue Guid="1c1b608c-87b1-423f-876c-8e0e395c5758" Param="ElementLocateBy" Value="POMElement" />
<ActInputValue Guid="835b8e60-f8f3-42ef-9598-991ab68188f8" Param="ElementLocateValue" Value="487da7db-d4fb-4ee6-b625-7e1e3946ddb0_20c20b21-2fbc-4187-89fc-d7a96f161229" />
<ActInputValue Guid="eddd14a8-e33f-42c2-be9e-4180aa6ae6fd" Param="ElementType" Value="Button" />
<ActInputValue Guid="338896d7-ab97-4b26-ae2d-9735395af79e" Param="Value" />
<ActInputValue Guid="df85d334-5273-4d96-8b06-91df1c5b3249" Param="TargetLocateBy" Value="NA" />
<ActInputValue Guid="47ea1b20-5b39-4082-a958-9309b3bbf672" Param="TargetElementType" Value="Unknown" />
<ActInputValue Guid="913b2461-e324-40e0-a028-87e60bc491fb" Param="HandleElementType" Value="Unknown" />
<ActInputValue Guid="ba4e0af8-3953-46ca-80a4-ee794d7d0f0f" Param="HandleActionType" Value="Unknown" />
</InputValues>
</ActUIElement>
<ActUIElement Active="True" AutoScreenShotOnFailure="True" Description="Click on the Cart" Guid="8f80e16b-f0f0-40c6-bb53-d70b530b4263" Platform="Web" RetryMechanismInterval="5" StatusConverter="None" WindowsToCapture="OnlyActiveWindow">
<InputValues>
<ActInputValue Guid="50264609-64a3-4ddd-a3e8-3fed1d697702" Param="ElementAction" Value="Click" />
<ActInputValue Guid="cb48f25a-91a3-42c6-b471-127b20e824da" Param="ElementLocateBy" Value="POMElement" />
<ActInputValue Guid="9bbe53e1-62ee-4a41-829a-d99b7beff3a5" Param="ElementLocateValue" Value="72e96576-c295-4c21-b523-f64f435b6b03_694851ca-e985-4674-bb0c-b5d02337fb03" />
<ActInputValue Guid="a2450109-7dba-4109-a025-1971d42c27c7" Param="ElementType" Value="HyperLink" />
<ActInputValue Guid="e9b80958-2fd0-4cf4-babb-678b94eb89f3" Param="Value" Value="1" />
<ActInputValue Guid="d6480890-9f05-4652-9f08-88b3c6a02fd9" Param="TargetLocateBy" Value="NA" />
<ActInputValue Guid="5cc851b1-65b6-403d-ac76-998999df7bc8" Param="TargetElementType" Value="Unknown" />
<ActInputValue Guid="1b0c1479-e5c4-4847-8652-7c0c96133a90" Param="HandleElementType" Value="Unknown" />
<ActInputValue Guid="4af6f88e-18c2-4058-9193-a645c09e3a06" Param="HandleActionType" Value="Unknown" />
</InputValues>
</ActUIElement>
<ActUIElement Active="True" AutoScreenShotOnFailure="True" Description="Click on Checkout" Guid="25d67ed4-3062-402a-abf8-dbdbcd3d8793" Platform="Web" RetryMechanismInterval="5" StatusConverter="None" WindowsToCapture="OnlyActiveWindow">
<InputValues>
<ActInputValue Guid="f3ab8459-2a4f-41b2-8114-42c429b10ecf" Param="ElementAction" Value="Click" />
<ActInputValue Guid="c2a45ff6-a547-4514-babc-4a701331f22a" Param="ElementLocateBy" Value="POMElement" />
<ActInputValue Guid="a4813b6b-b2e1-4586-b4cd-1ce391bf3362" Param="ElementLocateValue" Value="72e96576-c295-4c21-b523-f64f435b6b03_3f643f64-c898-46bc-b833-3adfa407d47e" />
<ActInputValue Guid="98f75eac-1a47-4346-9eca-f274fb3c63cb" Param="ElementType" Value="HyperLink" />
<ActInputValue Guid="5501b6c8-2102-4544-9a7e-e1e4cc801c57" Param="Value" Value="1" />
<ActInputValue Guid="c97a6dcf-2df6-43a2-b6e9-2a2e8c52ace9" Param="TargetLocateBy" Value="NA" />
<ActInputValue Guid="f0b21e57-0634-4672-b606-5ec48f56d3f8" Param="TargetElementType" Value="Unknown" />
<ActInputValue Guid="bb2314d4-c4ba-4189-bb90-be79c11d4929" Param="HandleElementType" Value="Unknown" />
<ActInputValue Guid="99723345-17ba-4572-8bec-b892ad6f14bb" Param="HandleActionType" Value="Unknown" />
</InputValues>
</ActUIElement>
</Acts>
</Activity>
</Activities>

<ActivitiesGroups>
<ActivitiesGroup Guid="f1f86ab0-cb07-469a-89af-f4b07d783064" Name="Group">
<ActivitiesIdentifiers>
<ActivityIdentifiers ActivityAutomationStatus="Development" ActivityGuid="e34d2de9-1d58-4ba7-b4d2-480b120b2e13" ActivityName="Login to portal" Guid="5683e631-ad6d-481e-985f-b1265604b987" />
<ActivityIdentifiers ActivityAutomationStatus="Development" ActivityGuid="0f84644c-7b13-4be8-86fc-33d4e5d6bf9a" ActivityName="Add to Cart" Guid="9ea5627c-9c80-4a87-95b4-e737bc123eff" />
</ActivitiesIdentifiers>
</ActivitiesGroup>
</ActivitiesGroups>

<TargetApplications>
<TargetApplication AppName="MyWebApp" Guid="4da023c4-5b17-4ad1-a365-d5ce18de3949" LastExecutingAgentName="MyWebApp - Agent 1" ParentGuid="67bdadd5-1b17-4048-9438-4082968144d1" />
</TargetApplications>
</BusinessFlow></GingerRepositoryItem>