﻿<?xml version="1.0" encoding="utf-8"?>
<GingerRepositoryItem><Header ItemGuid="55502038-3b66-460b-9ca3-0c62b324018b" ItemType="RunSetConfig" CreatedBy="NATISHAK" Created="202401221234" GingerVersion="24.4.1.0" Version="10" LastUpdateBy="MKALE" LastUpdate="202409241638" />
<RunSetConfig ExternalID="374" ExternalID2="375" Guid="55502038-3b66-460b-9ca3-0c62b324018b" Name="Order Product" SealightsTestRecommendations="No">
<CategoriesDefinitions>
<SolutionCategoryDefinition Category="Product" Guid="4ce34295-cee2-449b-826c-587993ed87ee" />
<SolutionCategoryDefinition Category="TestType" Guid="6c67013f-c4fc-46fc-a94c-7cf8aa628df9" />
<SolutionCategoryDefinition Category="Release" Guid="3cd1d840-e236-45d1-b6a1-5b62fc60bbb9" />
<SolutionCategoryDefinition Category="Iteration" Guid="15cd8972-aee5-45cd-bc72-bcee46eacafa" />
<SolutionCategoryDefinition Category="BusinessProcessTag" Guid="912a9815-3e5d-4788-a1dd-9ccef5b6eedd" />
<SolutionCategoryDefinition Category="SubBusinessProcessTag" Guid="f4415699-4877-4759-aac3-5611bfd9ec71" />
<SolutionCategoryDefinition Category="UserCategory1" Guid="f896b401-0375-47ea-a773-485d25b668c8" />
<SolutionCategoryDefinition Category="UserCategory2" Guid="4f32d492-f709-4463-a5b6-4b0839d56e1e" />
<SolutionCategoryDefinition Category="UserCategory3" Guid="10b42a13-d200-4d62-9d13-d5158c3371da" />
</CategoriesDefinitions>

<GingerRunners>
<GingerRunner Guid="9f67cfd4-fbb4-499d-b082-7f8389dbd239" Name="Runner 1" RunOption="ContinueToRunall">
<ApplicationAgents>
<ApplicationAgent AgentID="81632270-942e-4d48-9b0a-a6cce351b7b0" AgentName="MyWebApp - Agent 1" AppID="67bdadd5-1b17-4048-9438-4082968144d1" AppName="MyWebApp" Guid="47b59b99-753c-4947-80f9-5020ef172532" />
</ApplicationAgents>

<BusinessFlowsRunList>
<BusinessFlowRun BusinessFlowGuid="7f7b9a20-bde9-4c41-8f30-1568ad7821f9" BusinessFlowInstanceGuid="b8c6c57c-0dd0-4fcf-ab84-d69599c9729a" BusinessFlowIsActive="True" BusinessFlowName="E-commerce Demo" Guid="1177dd7c-d9cc-467f-8c48-2556653dcd73" />
</BusinessFlowsRunList>
</GingerRunner>
</GingerRunners>

<RunSetActions>
<RunSetActionHTMLReportSendEmail Condition="AlwaysRun" Errors="Failed: The SMTP server requires a secure connection or the client was not authenticated. The server response was: 5.7.57 SMTP; Client was not authenticated to send anonymous mail during MAIL FROM" Guid="397f6da6-5c61-46d2-b9ad-a63f3da01ac6" HTMLReportTemplate="HTMLReport" MailFrom="mahesh.kale@amdocs.com" MailFromDisplayName="_Amdocs Ginger Automation" MailTo="mahesh.kale@amdocs.com" Name="Send HTML Report Email" RunAt="ExecutionEnd" Subject="Linux execution">
<Email>
<Email Body="&lt;!DOCTYPE html&gt;&#xD;&#xA;&lt;html lang=&quot;en&quot;&gt;&#xD;&#xA;&lt;head&gt;&#xD;&#xA;    &lt;meta charset=&quot;utf-8&quot;&gt; &lt;!-- utf-8 works for most cases --&gt;&#xD;&#xA;    &lt;meta name=&quot;viewport&quot; content=&quot;width=device-width&quot;&gt; &lt;!-- Forcing initial-scale shouldn't be necessary --&gt;&#xD;&#xA;    &lt;meta http-equiv=&quot;X-UA-Compatible&quot; content=&quot;IE=edge&quot;&gt; &lt;!-- Use the latest (edge) version of IE rendering engine --&gt;&#xD;&#xA;    &lt;meta name=&quot;x-apple-disable-message-reformatting&quot;&gt;  &lt;!-- Disable auto-scale in iOS 10 Mail entirely --&gt;&#xD;&#xA;    &lt;title&gt;&lt;/title&gt; &lt;!-- The title tag shows in email notifications, like Android 4.4. --&gt;&#xD;&#xA;    &lt;!-- CSS Reset --&gt;&#xD;&#xA;    &lt;style&gt;&#xD;&#xA;        /* What it does: Remove spaces around the email design added by some email clients. */&#xD;&#xA;        /* Beware: It can remove the padding / margin and add a background color to the compose a reply window. */&#xD;&#xA;        html,&#xD;&#xA;        body {&#xD;&#xA;            margin: 0 auto !important;&#xD;&#xA;            padding: 0 !important;&#xD;&#xA;            height: 100% !important;&#xD;&#xA;            width: 100% !important;&#xD;&#xA;            font-family: Arial, Helvetica, sans-serif;&#xD;&#xA;        }&#xD;&#xA;&#xD;&#xA;        /* What it does: Stops email clients resizing small text. */&#xD;&#xA;        * {&#xD;&#xA;            -ms-text-size-adjust: 100%;&#xD;&#xA;            -webkit-text-size-adjust: 100%;&#xD;&#xA;        }&#xD;&#xA;&#xD;&#xA;        /* What it does: Centers email on Android 4.4 */&#xD;&#xA;        div[style*=&quot;margin: 16px 0&quot;] {&#xD;&#xA;            margin: 0 !important;&#xD;&#xA;        }&#xD;&#xA;&#xD;&#xA;        /* What it does: Stops Outlook from adding extra spacing to tables. */&#xD;&#xA;        table,&#xD;&#xA;        td {&#xD;&#xA;            mso-table-lspace: 0pt !important;&#xD;&#xA;            mso-table-rspace: 0pt !important;&#xD;&#xA;        }&#xD;&#xA;&#xD;&#xA;        /* What it does: Fixes webkit padding issue. Fix for Yahoo mail table alignment bug. Applies table-layout to the first 2 tables then removes for anything nested deeper. */&#xD;&#xA;        table {&#xD;&#xA;            border-spacing: 0 !important;&#xD;&#xA;            border-collapse: collapse !important;&#xD;&#xA;            table-layout: fixed !important;&#xD;&#xA;            margin: 0 auto !important;&#xD;&#xA;        }&#xD;&#xA;&#xD;&#xA;            table table table {&#xD;&#xA;                table-layout: auto;&#xD;&#xA;            }&#xD;&#xA;&#xD;&#xA;        /* What it does: Uses a better rendering method when resizing images in IE. */&#xD;&#xA;        img {&#xD;&#xA;            -ms-interpolation-mode: bicubic;&#xD;&#xA;        }&#xD;&#xA;&#xD;&#xA;        /* What it does: A work-around for iOS meddling in triggered links. */&#xD;&#xA;        *[x-apple-data-detectors] {&#xD;&#xA;            color: inherit !important;&#xD;&#xA;            text-decoration: none !important;&#xD;&#xA;        }&#xD;&#xA;&#xD;&#xA;        /* What it does: A work-around for Gmail meddling in triggered links. */&#xD;&#xA;        .x-gmail-data-detectors,&#xD;&#xA;        .x-gmail-data-detectors *,&#xD;&#xA;        .aBn {&#xD;&#xA;            border-bottom: 0 !important;&#xD;&#xA;            cursor: default !important;&#xD;&#xA;        }&#xD;&#xA;&#xD;&#xA;        /* What it does: Prevents Gmail from displaying an download button on large, non-linked images. */&#xD;&#xA;        .a6S {&#xD;&#xA;            display: none !important;&#xD;&#xA;            opacity: 0.01 !important;&#xD;&#xA;        }&#xD;&#xA;        /* If the above doesn't work, add a .g-img class to any image in question. */&#xD;&#xA;        img.g-img + div {&#xD;&#xA;            display: none !important;&#xD;&#xA;        }&#xD;&#xA;&#xD;&#xA;        /* What it does: Prevents underlining the button text in Windows 10 */&#xD;&#xA;        .button-link {&#xD;&#xA;            text-decoration: none !important;&#xD;&#xA;        }&#xD;&#xA;&#xD;&#xA;        /* Create one of these media queries for each additional viewport size you'd like to fix */&#xD;&#xA;        /* Thanks to Eric Lepetit @ericlepetitsf) for help troubleshooting */&#xD;&#xA;        @media only screen and (min-device-width: 375px) and (max-device-width: 413px) { /* iPhone 6 and 6+ */&#xD;&#xA;            .email-container {&#xD;&#xA;                min-width: 375px !important;&#xD;&#xA;            }&#xD;&#xA;        }&#xD;&#xA;&#xD;&#xA;        .StatusPassed {&#xD;&#xA;            color: green;&#xD;&#xA;            font-weight: 700&#xD;&#xA;        }&#xD;&#xA;&#xD;&#xA;        .StatusFailed {&#xD;&#xA;            color: red;&#xD;&#xA;            font-weight: 700&#xD;&#xA;        }&#xD;&#xA;&#xD;&#xA;        .StatusBlocked {&#xD;&#xA;            color: navy;&#xD;&#xA;            font-weight: 700&#xD;&#xA;        }&#xD;&#xA;&#xD;&#xA;        .StatusStopped {&#xD;&#xA;            color: #ff57ab;&#xD;&#xA;            font-weight: 700&#xD;&#xA;        }&#xD;&#xA;&#xD;&#xA;        .StatusPending {&#xD;&#xA;            color: gold;&#xD;&#xA;            font-weight: 700&#xD;&#xA;        }&#xD;&#xA;&#xD;&#xA;        .StatusSkipped {&#xD;&#xA;            color: grey;&#xD;&#xA;            font-weight: 700&#xD;&#xA;        }&#xD;&#xA;&#xD;&#xA;        .StatusOther {&#xD;&#xA;            color: #1B3651;&#xD;&#xA;            font-weight: 700&#xD;&#xA;        }&#xD;&#xA;&#xD;&#xA;        .floatLeft {&#xD;&#xA;            float: left;&#xD;&#xA;        }&#xD;&#xA;&#xD;&#xA;        .floatRight {&#xD;&#xA;            float: right;&#xD;&#xA;        }&#xD;&#xA;&#xD;&#xA;        .HeaderwhiteTextColor {&#xD;&#xA;            color: #ffffff;&#xD;&#xA;            font-size: 25px;&#xD;&#xA;        }&#xD;&#xA;&#xD;&#xA;        .headerLeftMargin {&#xD;&#xA;            margin-left: 8px;&#xD;&#xA;        }&#xD;&#xA;&#xD;&#xA;        .GridTitleTd {&#xD;&#xA;            text-align: left;&#xD;&#xA;            color: #ffffff;&#xD;&#xA;            font-weight: 700;&#xD;&#xA;            text-transform: uppercase;&#xD;&#xA;            background-color: #9086a2;&#xD;&#xA;            height: 40px;&#xD;&#xA;            padding-left: 10px;&#xD;&#xA;            font-size: 13px;&#xD;&#xA;        }&#xD;&#xA;&#xD;&#xA;        .innerTable {&#xD;&#xA;            width: 97%;&#xD;&#xA;          &#xD;&#xA;        }&#xD;&#xA;&#xD;&#xA;        .spacerDiv {&#xD;&#xA;            height: 10px;&#xD;&#xA;            width: 90%;&#xD;&#xA;            background-color: white !important;&#xD;&#xA;        }&#xD;&#xA;    &lt;/style&gt;&#xD;&#xA;&#xD;&#xA;    &lt;!-- What it does: Makes background images in 72ppi Outlook render at correct size. --&gt;&#xD;&#xA;    &lt;!-- Progressive Enhancements --&gt;&#xD;&#xA;    &lt;style&gt;&#xD;&#xA;        /* What it does: Hover styles for buttons */&#xD;&#xA;        .button-td,&#xD;&#xA;        .button-a {&#xD;&#xA;            transition: all 100ms ease-in;&#xD;&#xA;        }&#xD;&#xA;&#xD;&#xA;            .button-td:hover,&#xD;&#xA;            .button-a:hover {&#xD;&#xA;                background: #555555 !important;&#xD;&#xA;                border-color: #555555 !important;&#xD;&#xA;            }&#xD;&#xA;&#xD;&#xA;        /* Media Queries */&#xD;&#xA;        @media screen and (max-width: 480px) {&#xD;&#xA;&#xD;&#xA;            /* What it does: Forces elements to resize to the full width of their container. Useful for resizing images beyond their max-width. */&#xD;&#xA;            .fluid {&#xD;&#xA;                width: 100% !important;&#xD;&#xA;                max-width: 100% !important;&#xD;&#xA;                height: auto !important;&#xD;&#xA;                margin-left: auto !important;&#xD;&#xA;                margin-right: auto !important;&#xD;&#xA;            }&#xD;&#xA;&#xD;&#xA;            /* What it does: Forces table cells into full-width rows. */&#xD;&#xA;            .stack-column,&#xD;&#xA;            .stack-column-center {&#xD;&#xA;                display: block !important;&#xD;&#xA;                width: 100% !important;&#xD;&#xA;                max-width: 100% !important;&#xD;&#xA;                direction: ltr !important;&#xD;&#xA;            }&#xD;&#xA;            /* And center justify these ones. */&#xD;&#xA;            .stack-column-center {&#xD;&#xA;                text-align: center !important;&#xD;&#xA;            }&#xD;&#xA;&#xD;&#xA;            /* What it does: Generic utility class for centering. Useful for images, buttons, and nested tables. */&#xD;&#xA;            .center-on-narrow {&#xD;&#xA;                text-align: center !important;&#xD;&#xA;                display: block !important;&#xD;&#xA;                margin-left: auto !important;&#xD;&#xA;                margin-right: auto !important;&#xD;&#xA;                float: none !important;&#xD;&#xA;            }&#xD;&#xA;&#xD;&#xA;            table.center-on-narrow {&#xD;&#xA;                display: inline-block !important;&#xD;&#xA;            }&#xD;&#xA;        }&#xD;&#xA;    &lt;/style&gt;&#xD;&#xA;&#xD;&#xA;&lt;/head&gt;&#xD;&#xA;&lt;body width=&quot;100%&quot; style=&quot;margin: 0; mso-line-height-rule: exactly;&quot;&gt;&#xD;&#xA;    &lt;center style=&quot;width: 100%; background: #EBEFF2; text-align: left;&quot;&gt;&#xD;&#xA;&#xD;&#xA;        &lt;!-- Visually Hidden Preheader Text : BEGIN --&gt;&#xD;&#xA;        &lt;div style=&quot;display:none;font-size:1px;line-height:1px;max-height:0px;max-width:0px;opacity:0;overflow:hidden;mso-hide:all;font-family: Arial, Helvetica, sans-serif;&quot;&gt;&#xD;&#xA;            &lt;!--(Optional) This text will appear in the inbox preview, but not the email body.--&gt;&#xD;&#xA;        &lt;/div&gt;&#xD;&#xA;        &lt;!-- Visually Hidden Preheader Text : END --&gt;&#xD;&#xA;        &lt;!--&#xD;&#xA;            Set the email width. Defined in two places:&#xD;&#xA;            1. max-width for all clients except Desktop Windows Outlook, allowing the email to squish on narrow but never go wider than 680px.&#xD;&#xA;            2. MSO tags for Desktop Windows Outlook enforce a 680px width.&#xD;&#xA;            Note: The Fluid and Responsive templates have a different width (600px). The hybrid grid is more &quot;fragile&quot;, and I've found that 680px is a good width. Change with caution.&#xD;&#xA;        --&gt;&#xD;&#xA;        &lt;div style=&quot;max-width: 100%; margin: auto;&quot; class=&quot;email-container&quot;&gt;&#xD;&#xA;            &lt;!-- Email Header : BEGIN --&gt;&#xD;&#xA;            &lt;table role=&quot;presentation&quot; aria-hidden=&quot;true&quot; cellspacing=&quot;0&quot; cellpadding=&quot;0&quot; border=&quot;0&quot; align=&quot;center&quot; width=&quot;100%&quot; style=&quot;max-width: 100%;background-color:#fff&quot;&gt;&#xD;&#xA;                &lt;tr&gt;&#xD;&#xA;                    &lt;td style=&quot;background-color:#302e45;border-bottom: 3px solid #ec008c&quot; colspan=&quot;4&quot;&gt;&#xD;&#xA;                        &lt;table role=&quot;presentation&quot; aria-hidden=&quot;true&quot; border=&quot;0&quot; cellpadding=&quot;0&quot; cellspacing=&quot;0&quot; align=&quot;center&quot; width=&quot;100%&quot;&gt;&#xD;&#xA;                            &lt;tr&gt;&#xD;&#xA;                                &lt;td style=&quot;width:25%;text-align:left&quot;&gt;&#xD;&#xA;                                    &lt;table cellspacing=&quot;20&quot; cellpadding=&quot;10&quot; style=&quot;width:15%;&quot;&gt;&#xD;&#xA;                                        &lt;tr&gt;&#xD;&#xA;                                            &lt;td style=&quot;width:50%&quot; align=&quot;left&quot;&gt;&lt;img height=&quot;40&quot; src=&quot;cid:beat&quot; aria-hidden=&quot;true&quot; alt=&quot;alt_text&quot; border=&quot;0&quot; style=&quot;margin-left: 5%;background: #fff; font-family: Arial, Helvetica, sans-serif; font-size: 15px; color: #555555;&quot;&gt;&lt;/td&gt;&#xD;&#xA;                                            &lt;td&gt;  &lt;img height=&quot;40&quot; src=&quot;cid:ginger&quot; aria-hidden=&quot;true&quot; alt=&quot;alt_text&quot; border=&quot;0&quot; style=&quot;background: #fff; font-family: Arial, Helvetica, sans-serif; font-size: 15px; color: #555555;&quot;&gt;&lt;/td&gt;&#xD;&#xA;                                        &lt;/tr&gt;&#xD;&#xA;                                    &lt;/table&gt;&#xD;&#xA;                                &lt;/td&gt;&#xD;&#xA;                                &lt;td style=&quot;width:50%;text-align:center&quot; class=&quot;HeaderwhiteTextColor&quot;&gt;&lt;span&gt;Ginger Execution Report&lt;/span&gt;&lt;/td&gt;&#xD;&#xA;                                &lt;td cellspacing=&quot;20&quot; style=&quot;width:50%; padding-right: 10px; text-align: right;&quot; align=&quot;right&quot;&gt;  &lt;img height=&quot;40&quot; align=&quot;right&quot; src=&quot;cid:customer&quot; aria-hidden=&quot;true&quot; alt=&quot;alt_text&quot; border=&quot;0&quot; style=&quot;background: #fff; font-family: Arial, Helvetica, sans-serif; font-size: 15px; color: #555555;&quot;&gt;&lt;/td&gt;&#xD;&#xA;                            &lt;/tr&gt;&#xD;&#xA;                        &lt;/table&gt;&#xD;&#xA;                    &lt;/td&gt;&#xD;&#xA;                &lt;/tr&gt;&#xD;&#xA;            &lt;/table&gt;&#xD;&#xA;&#xD;&#xA;            &lt;!-- Email Header : END --&gt;&#xD;&#xA;            &lt;table role=&quot;presentation&quot; aria-hidden=&quot;true&quot; cellspacing=&quot;0&quot; cellpadding=&quot;0&quot; border=&quot;0&quot; align=&quot;center&quot; width=&quot;100%&quot; style=&quot;max-width: 100%;margin-bottom:20px !important;box-shadow: 0 0 10px rgba(0,0,0,.6);-moz-box-shadow: 0 0 10px rgba(0,0,0,.6); -webkit-box-shadow: 0 0 10px rgba(0,0,0,.6);-o-box-shadow: 0 0 10px rgba(0,0,0,.6);background-color:#fff&quot;&gt;&#xD;&#xA;                &lt;tr&gt;&#xD;&#xA;                    &lt;td style=&quot;padding:5px 5px 5px 20px; text-align: left;color:#1B3651;font-weight:700;font-size:18px&quot;&gt;&#xD;&#xA;                        &#xD;&#xA;                    &lt;/td&gt;&#xD;&#xA;                &lt;/tr&gt;&#xD;&#xA;                &lt;tr&gt;&#xD;&#xA;                    &lt;td style=&quot;padding:5px 5px 5px 20px; text-align: left;color:red;font-size:16px&quot;&gt;&#xD;&#xA;                        &#xD;&#xA;                    &lt;/td&gt;&#xD;&#xA;                &lt;/tr&gt;&#xD;&#xA;            &lt;/table&gt;&#xD;&#xA;            &lt;!--COMMENT--&gt;&#xD;&#xA;            &lt;table style=&quot;width:100%;&quot; role=&quot;presentation&quot; aria-hidden=&quot;true&quot; cellspacing=&quot;0&quot; cellpadding=&quot;0&quot; border=&quot;0&quot; bgcolor=&quot;#ffffff&quot;&gt;&#xD;&#xA;                &lt;tr&gt;&#xD;&#xA;                    &lt;td style=&quot;padding:5px 5px 15px 20px; text-align: left;color:#000;font-weight:400;font-size:12px&quot;&gt;&#xD;&#xA;                        &lt;div style=&quot;font-size:15px;color:#cc7a00&quot;&gt;&#xD;&#xA;                            &lt;span&gt;&lt;/span&gt;&#xD;&#xA;                        &lt;/div&gt;&#xD;&#xA;                    &lt;/td&gt;&#xD;&#xA;                &lt;/tr&gt;&#xD;&#xA;            &lt;/table&gt;&#xD;&#xA;&#xD;&#xA;            &lt;!--ExecutionGeneralDetails_Start--&gt;&#xD;&#xA;            &lt;table role=&quot;presentation&quot; aria-hidden=&quot;true&quot; width=&quot;100%&quot; style=&quot;max-width: 100%;&quot; cellspacing=&quot;0&quot; cellpadding=&quot;0&quot; border=&quot;0&quot; bgcolor=&quot;#ffffff&quot;&gt;&#xD;&#xA;                &lt;tr&gt;&#xD;&#xA;                    &lt;td colspan=&quot;4&quot; class=&quot;GridTitleTd&quot;&gt;&#xD;&#xA;                        EXECUTION GENERAL DETAILS&#xD;&#xA;                    &lt;/td&gt;&#xD;&#xA;                &lt;/tr&gt;&#xD;&#xA;            &lt;/table&gt;&#xD;&#xA;            &lt;div class=&quot;spacerDiv&quot;&gt;&amp;nbsp;&lt;/div&gt;&#xD;&#xA;            &lt;table role=&quot;presentation&quot; align=&quot;center&quot; class=&quot;innerTable&quot; aria-hidden=&quot;true&quot; cellspacing=&quot;0&quot; cellpadding=&quot;0&quot; border=&quot;0&quot; bgcolor=&quot;#ffffff&quot; style=&quot;box-shadow: 0 0 10px rgba(0,0,0,.6);-moz-box-shadow: 0 0 10px rgba(0,0,0,.6); -webkit-box-shadow: 0 0 10px rgba(0,0,0,.6);-o-box-shadow: 0 0 10px rgba(0,0,0,.6);&quot;&gt;&#xD;&#xA;                &lt;thead&gt;&#xD;&#xA;                    &lt;tr&gt;&#xD;&#xA;                        &lt;td bgcolor='#7f7989' style='color:#fff;padding:10px;border-right:1px solid #fff'&gt;RunSet Name&lt;/td&gt;&lt;td bgcolor='#7f7989' style='color:#fff;padding:10px;border-right:1px solid #fff'&gt;RunSet Description&lt;/td&gt;&lt;td bgcolor='#7f7989' style='color:#fff;padding:10px;border-right:1px solid #fff'&gt;Execution Start Time&lt;/td&gt;&lt;td bgcolor='#7f7989' style='color:#fff;padding:10px;border-right:1px solid #fff'&gt;Execution End Time&lt;/td&gt;&lt;td bgcolor='#7f7989' style='color:#fff;padding:10px;border-right:1px solid #fff'&gt;Execution Duration&lt;/td&gt;&lt;td bgcolor='#7f7989' style='color:#fff;padding:10px;border-right:1px solid #fff'&gt;RunSet Execution Pass Rate&lt;/td&gt;&#xD;&#xA;                    &lt;/tr&gt;&#xD;&#xA;                &lt;/thead&gt;&#xD;&#xA;                &lt;tbody&gt;&#xD;&#xA;                    &lt;tr&gt;&#xD;&#xA;                        &lt;td style='padding: 10px; border: 1px solid #dddddd'&gt;Order Product&lt;/td&gt;&lt;td style='padding: 10px; border: 1px solid #dddddd'&gt; N/A &lt;/td&gt;&lt;td style='padding: 10px; border: 1px solid #dddddd'&gt;24/09/2024 22:06:31&lt;/td&gt;&lt;td style='padding: 10px; border: 1px solid #dddddd'&gt;24/09/2024 22:06:41&lt;/td&gt;&lt;td style='padding: 10px; border: 1px solid #dddddd'&gt;00:00:09.650&lt;/td&gt;&lt;td style='padding: 10px; border: 1px solid #dddddd'&gt;100%&lt;/td&gt;&#xD;&#xA;                    &lt;/tr&gt;&#xD;&#xA;                &lt;/tbody&gt;&#xD;&#xA;            &lt;/table&gt;&#xD;&#xA;            &lt;table role=&quot;presentation&quot; align=&quot;center&quot; aria-hidden=&quot;true&quot; cellspacing=&quot;0&quot; cellpadding=&quot;0&quot; border=&quot;0&quot; bgcolor=&quot;#ffffff&quot; class=&quot;innerTable&quot; style=&quot;box-shadow: 0 0 10px rgba(0,0,0,.6);-moz-box-shadow: 0 0 10px rgba(0,0,0,.6); -webkit-box-shadow: 0 0 10px rgba(0,0,0,.6);-o-box-shadow: 0 0 10px rgba(0,0,0,.6);&quot;&gt;&#xD;&#xA;                &lt;thead&gt;&#xD;&#xA;                    &lt;tr&gt;&#xD;&#xA;                        &lt;td bgcolor='#7f7989' style='color:#fff;padding:10px;border-right:1px solid #fff'&gt;RunSet Execution Rate&lt;/td&gt;&lt;td bgcolor='#7f7989' style='color:#fff;padding:10px;border-right:1px solid #fff'&gt;Used Environment/s&lt;/td&gt;&lt;td bgcolor='#7f7989' style='color:#fff;padding:10px;border-right:1px solid #fff'&gt;Executed on Ginger Version&lt;/td&gt;&lt;td bgcolor='#7f7989' style='color:#fff;padding:10px;border-right:1px solid #fff'&gt;Executed on Machine&lt;/td&gt;&lt;td bgcolor='#7f7989' style='color:#fff;padding:10px;border-right:1px solid #fff'&gt;Executed by User&lt;/td&gt;&#xD;&#xA;                    &lt;/tr&gt;&#xD;&#xA;                &lt;/thead&gt;&#xD;&#xA;                &lt;tbody&gt;&#xD;&#xA;                    &lt;tr&gt;&#xD;&#xA;                        &lt;td style='padding: 10px; border: 1px solid #dddddd'&gt;100%&lt;/td&gt;&lt;td style='padding: 10px; border: 1px solid #dddddd'&gt;Default&lt;/td&gt;&lt;td style='padding: 10px; border: 1px solid #dddddd'&gt;2024.4-Beta 1&lt;/td&gt;&lt;td style='padding: 10px; border: 1px solid #dddddd'&gt;MKALE03&lt;/td&gt;&lt;td style='padding: 10px; border: 1px solid #dddddd'&gt;MKALE&lt;/td&gt;&#xD;&#xA;                    &lt;/tr&gt;&#xD;&#xA;                &lt;/tbody&gt;&#xD;&#xA;            &lt;/table&gt;&#xD;&#xA;            &lt;div class=&quot;spacerDiv&quot;&gt;&amp;nbsp;&lt;/div&gt;&#xD;&#xA;            &lt;!--ExecutionGeneralDetails_End--&gt;&#xD;&#xA;            &lt;!--ExecutionStatisticsDetails_Start--&gt;&#xD;&#xA;            &lt;table role=&quot;presentation&quot; aria-hidden=&quot;true&quot; cellspacing=&quot;0&quot; cellpadding=&quot;0&quot; border=&quot;0&quot; align=&quot;center&quot; width=&quot;100%&quot; style=&quot;max-width: 100%;&quot; bgcolor=&quot;#ffffff&quot;&gt;&#xD;&#xA;                &lt;tr&gt;&#xD;&#xA;                    &lt;td colspan=&quot;4&quot; class=&quot;GridTitleTd&quot;&gt;&#xD;&#xA;                        EXECUTION STATISTICS&#xD;&#xA;                    &lt;/td&gt;&#xD;&#xA;                &lt;/tr&gt;&#xD;&#xA;            &lt;/table&gt;&#xD;&#xA;            &lt;div class=&quot;spacerDiv&quot;&gt;&amp;nbsp;&lt;/div&gt;&#xD;&#xA;            &lt;table role=&quot;presentation&quot; align=&quot;center&quot; aria-hidden=&quot;true&quot; cellspacing=&quot;0&quot; cellpadding=&quot;0&quot; border=&quot;0&quot; bgcolor=&quot;#ffffff&quot; class=&quot;innerTable&quot; style=&quot;box-shadow: 0 0 10px rgba(0,0,0,.6);-moz-box-shadow: 0 0 10px rgba(0,0,0,.6); -webkit-box-shadow: 0 0 10px rgba(0,0,0,.6);-o-box-shadow: 0 0 10px rgba(0,0,0,.6);&quot;&gt;&#xD;&#xA;                &lt;thead&gt;&#xD;&#xA;                    &lt;tr&gt;&#xD;&#xA;                        &lt;td style=&quot;width:20%&quot;&gt;&amp;nbsp;&lt;/td&gt;&#xD;&#xA;                        &lt;td style=&quot;width:30%;text-align:center;&quot;&gt;&lt;img src=&quot;cid:gingerRunner24_09_2024_22_06_45_184&quot; aria-hidden=&quot;true&quot; border=&quot;0&quot; alt=&quot;alt_text&quot; class=&quot;center-on-narrow&quot; style=&quot;background: #dddddd; font-family: Arial, Helvetica, sans-serif; font-size: 15px; line-height: 20px; color: #555555;&quot;&gt;&lt;/td&gt;&#xD;&#xA;                        &lt;td style=&quot;width:30%;text-align:center;&quot;&gt; &lt;img src=&quot;cid:Businessflow24_09_2024_22_06_45_184&quot; aria-hidden=&quot;true&quot; border=&quot;0&quot; alt=&quot;alt_text&quot; class=&quot;center-on-narrow&quot; style=&quot;background: #dddddd; font-family: Arial, Helvetica, sans-serif; font-size: 15px; line-height: 20px; color: #555555;&quot;&gt;&lt;/td&gt;&#xD;&#xA;                        &lt;td style=&quot;width:20%&quot;&gt;&amp;nbsp;&lt;/td&gt;&#xD;&#xA;                    &lt;/tr&gt;&#xD;&#xA;                &lt;/thead&gt;&#xD;&#xA;                &lt;tbody&gt;&#xD;&#xA;                    &lt;tr&gt;&#xD;&#xA;                        &lt;td style=&quot;width:20%&quot;&gt;&amp;nbsp;&lt;/td&gt;&#xD;&#xA;                        &lt;td style=&quot;width:30%;text-align:center;&quot;&gt; &lt;img src=&quot;cid:Activity24_09_2024_22_06_45_184&quot; aria-hidden=&quot;true&quot; border=&quot;0&quot; alt=&quot;alt_text&quot; class=&quot;center-on-narrow&quot; style=&quot;background: #dddddd; font-family: Arial, Helvetica, sans-serif; font-size: 15px; line-height: 20px; color: #555555;&quot;&gt;&lt;/td&gt;&#xD;&#xA;                        &lt;td style=&quot;width:30%;text-align:center;&quot;&gt; &lt;img src=&quot;cid:Action24_09_2024_22_06_45_184&quot; aria-hidden=&quot;true&quot; border=&quot;0&quot; alt=&quot;alt_text&quot; class=&quot;center-on-narrow&quot; style=&quot;background: #dddddd; font-family: Arial, Helvetica, sans-serif; font-size: 15px; line-height: 20px; color: #555555;&quot;&gt;&lt;/td&gt;&#xD;&#xA;                        &lt;td style=&quot;width:20%&quot;&gt;&amp;nbsp;&lt;/td&gt;&#xD;&#xA;                    &lt;/tr&gt;&#xD;&#xA;                &lt;/tbody&gt;&#xD;&#xA;            &lt;/table&gt;&#xD;&#xA;            &lt;div class=&quot;spacerDiv&quot;&gt;&amp;nbsp;&lt;/div&gt;&#xD;&#xA;            &lt;!--ExecutionStatisticsDetails_End--&gt;&#xD;&#xA;            &lt;!--ExecutionBusinessFlowsDetails_Start--&gt;&#xD;&#xA;            &lt;table role=&quot;presentation&quot; aria-hidden=&quot;true&quot; cellspacing=&quot;0&quot; cellpadding=&quot;0&quot; border=&quot;0&quot; width=&quot;100%&quot; bgcolor=&quot;#ffffff&quot;&gt;&#xD;&#xA;                &lt;tr&gt;&#xD;&#xA;                    &lt;td colspan=&quot;4&quot; class=&quot;GridTitleTd&quot;&gt;&#xD;&#xA;                        EXECUTED BUSINESS FLOWS DETAILS&#xD;&#xA;                    &lt;/td&gt;&#xD;&#xA;                &lt;/tr&gt;&#xD;&#xA;            &lt;/table&gt;&#xD;&#xA;            &lt;div class=&quot;spacerDiv&quot;&gt;&amp;nbsp;&lt;/div&gt;&#xD;&#xA;            &lt;table align=&quot;center&quot; role=&quot;presentation&quot; aria-hidden=&quot;true&quot; cellspacing=&quot;0&quot; cellpadding=&quot;0&quot; border=&quot;0&quot; bgcolor=&quot;#ffffff&quot; class=&quot;innerTable&quot; style=&quot;box-shadow: 0 0 10px rgba(0,0,0,.6);-moz-box-shadow: 0 0 10px rgba(0,0,0,.6); -webkit-box-shadow: 0 0 10px rgba(0,0,0,.6);-o-box-shadow: 0 0 10px rgba(0,0,0,.6);&quot;&gt;&#xD;&#xA;                &lt;thead&gt;&#xD;&#xA;                    &lt;tr&gt;&#xD;&#xA;                        &lt;td bgcolor='#7f7989' style='color:#fff;padding:10px;border-right:1px solid #fff'&gt;Ginger Runner Name&lt;/td&gt;&lt;td bgcolor='#7f7989' style='color:#fff;padding:10px;border-right:1px solid #fff'&gt;Ginger Runner Environment Name&lt;/td&gt;&lt;td bgcolor='#7f7989' style='color:#fff;padding:10px;border-right:1px solid #fff'&gt;Execution Sequence&lt;/td&gt;&lt;td bgcolor='#7f7989' style='color:#fff;padding:10px;border-right:1px solid #fff'&gt;Business Flow Name&lt;/td&gt;&lt;td bgcolor='#7f7989' style='color:#fff;padding:10px;border-right:1px solid #fff'&gt;Business Flow Description&lt;/td&gt;&lt;td bgcolor='#7f7989' style='color:#fff;padding:10px;border-right:1px solid #fff'&gt;Business Flow Run Description&lt;/td&gt;&lt;td bgcolor='#7f7989' style='color:#fff;padding:10px;border-right:1px solid #fff'&gt;Business Flow Execution Status&lt;/td&gt;&lt;td bgcolor='#7f7989' style='color:#fff;padding:10px;border-right:1px solid #fff'&gt;Business Flow Execution Rate&lt;/td&gt;&lt;td bgcolor='#7f7989' style='color:#fff;padding:10px;border-right:1px solid #fff'&gt;Business Flow Passed Rate&lt;/td&gt;&#xD;&#xA;                    &lt;/tr&gt;&#xD;&#xA;                &lt;/thead&gt;&#xD;&#xA;                &lt;tbody&gt;&#xD;&#xA;                    &lt;tr&gt;&#xD;&#xA;                        &lt;tr&gt;&lt;td style='padding: 10px; border: 1px solid #dddddd'&gt;Runner 1&lt;/td&gt;&lt;td style='padding: 10px; border: 1px solid #dddddd'&gt;Default&lt;/td&gt;&lt;td style='padding: 10px; border: 1px solid #dddddd'&gt;1&lt;/td&gt;&lt;td style='padding: 10px; border: 1px solid #dddddd'&gt;E-commerce Demo&lt;/td&gt;&lt;td style='padding: 10px; border: 1px solid #dddddd'&gt;&lt;/td&gt;&lt;td style='padding: 10px; border: 1px solid #dddddd'&gt;&lt;/td&gt;&lt;td style='padding:10px;border:1px solid #dddddd;' class='StatusPassed'&gt;Passed&lt;/td&gt;&lt;td style='padding: 10px; border: 1px solid #dddddd'&gt;100 %&lt;/td&gt;&lt;td style='padding: 10px; border: 1px solid #dddddd'&gt;100 %&lt;/td&gt;&lt;/tr&gt;&#xD;&#xA;                    &lt;/tr&gt;&#xD;&#xA;                &lt;/tbody&gt;&#xD;&#xA;            &lt;/table&gt;&#xD;&#xA;            &lt;div class=&quot;spacerDiv&quot;&gt;&amp;nbsp;&lt;/div&gt;&#xD;&#xA;            &lt;!--ExecutionBusinessFlowsDetails_End--&gt;&#xD;&#xA;            &lt;!--ExecutionActivitiesDetails_Start--&gt;&lt;!--ExecutionActivitiesDetails_End--&gt;&#xD;&#xA;            &lt;!--FailuresDetails_Start--&gt;&lt;!--FailuresDetails_End--&gt;&#xD;&#xA;&#xD;&#xA;        &lt;/div&gt;&#xD;&#xA;    &lt;/center&gt;&#xD;&#xA;&lt;/body&gt;&#xD;&#xA;&lt;/html&gt;" ConfigureCredential="True" EmailMethod="SMTP" Event="Failed: The SMTP server requires a secure connection or the client was not authenticated. The server response was: 5.7.57 SMTP; Client was not authenticated to send anonymous mail during MAIL FROM" Guid="85026380-844f-42ab-9e0f-2c3b6d2a28e2" MailFrom="mahesh.kale@amdocs.com" MailFromDisplayName="_Amdocs Ginger Automation" MailTo="mahesh.kale@amdocs.com" SMTPMailHost="ILMAIL.CORP.AMDOCS.COM" SMTPPass="4RMbu9l+PJgS9e/Hv7515A==" SMTPPort="587" SMTPUser="mkale" Subject="Linux execution">
<Attachments>
<string>C:\Users\mkale\AppData\Local\Temp\Ginger_Email_Reports_24-09-2024_22-04-48-630\Full HTML Report.zip</string>
</Attachments>
</Email>
</Email>

<EmailAttachments>
<EmailHtmlReportAttachment AttachmentType="Report" Guid="3317ff18-9381-4cb7-9c90-aebfcabe590a" Name="Default" ZipIt="True" />
</EmailAttachments>
</RunSetActionHTMLReportSendEmail>
<RunSetActionPublishToQC ALMTestSetLevel="RunSet" Condition="AlwaysRun" ExportType="EntitiesAndResults" FilterStatus="All" Guid="d980f8ad-9a61-475c-b963-f399e5e1c973" Name="Publish Execution Results to ALM" PublishALMType="Default" RunAt="ExecutionEnd" VariableForTCRunName="GingerRun_{CS Exp=DateTime.Now}" />
</RunSetActions>

<SelfHealingConfiguration>
<SelfHealingConfig EnableSelfHealing="True" Guid="7461fd7e-bd2e-47f1-98b3-5311057c5de5" ReprioritizePOMLocators="True" />
</SelfHealingConfiguration>
</RunSetConfig></GingerRepositoryItem>