﻿<?xml version="1.0" encoding="utf-8"?>
<GingerRepositoryItem><Header ItemGuid="93a840db-aaab-4e85-934a-6b07685b3905" ItemType="Solution" CreatedBy="NATISHAK" Created="202401221230" GingerVersion="24.4.1.0" Version="11" LastUpdateBy="MKALE" LastUpdate="202409241647" />
<Solution EncryptedValidationString="bO9ClcFuQ73/hIGMSJrrqg==" Guid="93a840db-aaab-4e85-934a-6b07685b3905" Name="Order Product">
<ALMConfigs>
<ALMConfig AlmType="QC" Guid="646f57dc-8288-4fe4-9e99-0652d271cac9" JiraTestingALM="None" />
<ALMConfig ALMDomain="Azure Domain" ALMProjectKey="fff357f8-29d7-44ac-8b4e-d04b199e45e7" ALMProjectName="ExportDemo" ALMServerURL="https://dev.azure.com/amanpras/" AlmType="Azure" DefaultAlm="True" Guid="803e82eb-a5ab-449d-addc-2d62f2a95551" JiraTestingALM="None" UseRest="True" />
</ALMConfigs>

<ApplicationPlatforms>
<ApplicationPlatform AppName="MyWebApp" Guid="67bdadd5-1b17-4048-9438-4082968144d1" Platform="Web" />
</ApplicationPlatforms>

<ApplitoolsConfiguration>
<ApplitoolsConfiguration Guid="0ad2dca3-979c-4f39-973d-6d86848462e6" />
</ApplitoolsConfiguration>

<AskLisaConfiguration>
<AskLisaConfiguration Account="Ginger" ContinueChat="AQEQABot/Lisa/ContinueChat" DataPath="./Data/Ginger" DomainType="Knowledge Management" EnableChat="No" GrantType="client_credentials" Guid="b1200067-5ad4-4720-8537-b432fd485aee" MaxTokenValue="2000" StartNewChat="AQEQABot/Lisa/StartNewChat" TemperatureLevel="0.1" />
</AskLisaConfiguration>

<ExecutionLoggerConfigurationSetList>
<ExecutionLoggerConfiguration CentralizedHtmlReportServiceURL="https://usstlattstl01/HTMLReportService" CentralLoggerEndPointUrl="https://usstlattstl01/OnlineReportMS" DeleteLocalDataOnPublish="Yes" ExecutionLoggerConfigurationExecResultsFolder="~\ExecutionResults" ExecutionLoggerConfigurationIsEnabled="True" ExecutionLoggerConfigurationMaximalFolderSize="250" Guid="d7481aa0-13bd-4c92-a15f-64f3fb137708" IsSelected="True" PublishLogToCentralDB="Yes" SelectedDataRepositoryMethod="LiteDB" Seq="0" UploadArtifactsToCentralizedReport="Yes" />
</ExecutionLoggerConfigurationSetList>

<HTMLReportsConfigurationSetList>
<HTMLReportsConfiguration Guid="bc909f98-b7ae-44e8-97cd-53fedefcc964" HTMLReportConfigurationMaximalFolderSize="0" HTMLReportsFolder="~\HTMLReports" HTMLReportTemplatesSeq="1" IsSelected="True" Seq="0" />
</HTMLReportsConfigurationSetList>

<SealightsConfiguration>
<SealightsConfiguration Guid="ff4a5be9-e281-4b22-aedc-b9169e1ab9a3" SealightsLog="No" SealightsReportedEntityLevel="BusinessFlow" SealightsTestRecommendations="No" />
</SealightsConfiguration>

<SolutionCategories>
<SolutionCategory Category="Product" Guid="28d81bba-697a-47bd-9d98-2a1077ee553d">
<CategoryOptionalValues>
<SolutionCategoryValue Guid="a60cc6ca-0ab9-4a05-8edd-3a5b93e83162" Value="Product 1" />
<SolutionCategoryValue Guid="6f21dada-21c4-4c38-96c7-711125389a01" Value="Product 2" />
</CategoryOptionalValues>
</SolutionCategory>
<SolutionCategory Category="TestType" Guid="f8018949-172d-48ed-94d8-cf74171fb453">
<CategoryOptionalValues>
<SolutionCategoryValue Guid="a50c8d9f-2bd5-4204-9d44-83c6e125fe5b" Value="Regression" />
<SolutionCategoryValue Guid="e29097f7-d14e-46f6-94f3-1d2da6d04b28" Value="Progression" />
<SolutionCategoryValue Guid="347cc33f-4944-4dc0-8c58-9be3ca650cf3" Value="Sanity" />
<SolutionCategoryValue Guid="9f28b3c3-f1d1-4720-83fe-51c668e7b639" Value="Acceptance" />
<SolutionCategoryValue Guid="e8d2e180-1e24-4594-ab6b-cb53203a96ea" Value="End to End" />
<SolutionCategoryValue Guid="24a1108e-ebdb-4a3f-b7b2-137e2cca8404" Value="Security" />
<SolutionCategoryValue Guid="c4f403d2-c0eb-4fef-a078-8470739114ee" Value="Performance" />
<SolutionCategoryValue Guid="30c56b8b-9600-407b-be5e-c1a6fcaf477e" Value="Data Creation" />
</CategoryOptionalValues>
</SolutionCategory>
<SolutionCategory Category="Release" Guid="ad9035e7-09aa-420d-88bf-4eaa2134fc75">
<CategoryOptionalValues>
<SolutionCategoryValue Guid="46cd69e2-0925-49a8-b7c5-c8bba7452822" Value="Release 1" />
<SolutionCategoryValue Guid="c277d57e-c8d2-4076-a334-e9f3438c225b" Value="Release 2" />
</CategoryOptionalValues>
</SolutionCategory>
<SolutionCategory Category="Iteration" Guid="94535cb1-3a56-44e2-97c2-3f73739db11e">
<CategoryOptionalValues>
<SolutionCategoryValue Guid="e3b79a63-0ba9-4603-9c97-f73b6e80e135" Value="Iteration 1" />
<SolutionCategoryValue Guid="0c4ee1eb-15c6-4e11-ab3a-7a4f09dd9d29" Value="Iteration 2" />
</CategoryOptionalValues>
</SolutionCategory>
<SolutionCategory Category="BusinessProcessTag" Guid="cf344e3d-7492-4009-b328-2ef0395b3330">
<CategoryOptionalValues>
<SolutionCategoryValue Guid="49f71e75-0c4e-41a7-aa64-3e34a54c2f6c" Value="Prepaid" />
<SolutionCategoryValue Guid="86680f92-0487-4760-ac89-2bb3aa128f73" Value="Postpaid" />
<SolutionCategoryValue Guid="f06d08e6-e0b5-4605-bea6-1626fec27cb8" Value="Customer Creation" />
<SolutionCategoryValue Guid="1f63d43b-63bf-47bb-a9dc-627cb9cb910c" Value="Subscriber Creation" />
<SolutionCategoryValue Guid="47a351ea-94ca-4e22-b285-40b3c205371a" Value="Contact Creation" />
</CategoryOptionalValues>
</SolutionCategory>
<SolutionCategory Category="SubBusinessProcessTag" Guid="90e10ec7-a433-4ed8-b46b-ebf5423abe61">
<CategoryOptionalValues>
<SolutionCategoryValue Guid="74cf061a-3782-4b1c-8136-c3b484e556e5" Value="Customer Payment (CP)" />
<SolutionCategoryValue Guid="402faf9a-3407-4eee-8f0e-851041d28fea" Value="Customer Question (CHQ)" />
<SolutionCategoryValue Guid="e51dfa7a-6d3f-42c3-8f7e-38398b93ddb4" Value="Order Creation (COP)" />
</CategoryOptionalValues>
</SolutionCategory>
<SolutionCategory Category="UserCategory1" Guid="439d6ed1-2767-449b-ac20-7e1c69e50d29" />
<SolutionCategory Category="UserCategory2" Guid="a1ee60cd-919f-4263-99d8-ae4b7f0e9710" />
<SolutionCategory Category="UserCategory3" Guid="43505e4c-ada1-4357-802f-6030ce4f809d" />
</SolutionCategories>

<VRTConfiguration>
<VRTConfiguration DifferenceTolerance="0.0" FailActionOnCheckpointMismatch="Yes" Guid="7806197b-9ec2-4cb7-9a57-78ab0a5de8ce" />
</VRTConfiguration>
</Solution></GingerRepositoryItem>